"lecture_id","image","lecture_title","lecture_url","major","price","description_text"
1,https://ifh.cc/g/lhpSn1.jpg,"히치콕으로 알아보는
촬영 / 연출",https://videos.pexels.com/video-files/3296399/3296399-uhd_2732_1440_25fps.mp4,연출,1000.0,"영화의 장면을 보면서
재미있게 알아보는 촬영기법!"
2,https://ifh.cc/g/ndnnoK.jpg,"꾸준하게 욕먹지만
항상 박스오피스? ‘트랜스포머’",https://videos.pexels.com/video-files/3233369/3233369-hd_1920_1080_30fps.mp4,연출,2000.0,"트랜스포머 감독 ‘마이클베이'의
우당탕탕 연출 세계!"
3,https://ifh.cc/g/j9YAOk.jpg,"쉽고 짧게 알아보는
영상 촬영 기초",https://videos.pexels.com/video-files/855507/855507-hd_1920_1080_25fps.mp4,촬영,3000.0,"카메라를 처음 잡는다구?
뭐가 걱정이야! 이 강의가 있는걸~"
4,https://ifh.cc/g/PkmGD6.jpg,"여름을 기다리는 이유.
호소다 마모루.",https://videos.pexels.com/video-files/4752342/4752342-uhd_2560_1440_30fps.mp4,애니메이션,4000.0,"시간을 달리는 소녀, 썸머워즈, 우리들의 워 게임
감독 호소다 마모루가 바라보는 세상."
5,https://ifh.cc/g/BhTTL0.png,"0원으로 배우는
0원한 0상편집!",https://videos.pexels.com/video-files/5542020/5542020-hd_1920_1080_24fps.mp4,편집,0.0,"영상편집? 어렵지 않아요~
간단히 배우는 기본 편집"
6,https://ifh.cc/g/ZmJq8A.jpg,"애니..
좋아하세요..? 👀",https://videos.pexels.com/video-files/5032185/5032185-hd_1920_1080_25fps.mp4,애니메이션,6000.0,"영화 연출과 애니메이션 연출의 차이
각각의 매력에 대하여."
7,https://ifh.cc/g/h3bavQ.jpg,"멀리서 보면 희극,
가까이서 보면 비극",https://videos.pexels.com/video-files/8522954/8522954-hd_1920_1080_30fps.mp4,연출,7000.0,"영화의 대가 ‘찰리 채플린'이 말하고 싶었던 비극.
블랙코미디에 대하여 알아보자."
8,https://ifh.cc/g/hg9lMM.jpg,"봄, 사랑, 벚꽃 말고
신카이 마코토 🌸",https://videos.pexels.com/video-files/8523251/8523251-hd_1920_1080_30fps.mp4,애니메이션,8000.0,"아시나요? 벚꽃잎이 떨어지는 속도는 초속 5cm래요.
신카이 마코토 각품 ‘초속 5센티미터' 분석."
9,https://ifh.cc/g/1YflYk.jpg,"오드리 헵번? 그게 누구야?
대단한 사람이지~",https://videos.pexels.com/video-files/853744/853744-hd_1920_1080_25fps.mp4,연기,9000.0,"이 영화.. 알고보니 흑백 영화였네?
흑백 영화도 컬러품하게 만들어주는 배우에 대하여."
